{
    "EGamma_SF2D": {
        "SuperClustereta:[-0.80,0.00]": {
            "pt:[10.00,20.00]": {
                "error": 0.016198299018004802, 
                "value": 0.9807322025299072
            }, 
            "pt:[100.00,200.00]": {
                "error": 0.01640427726953779, 
                "value": 0.9722814559936523
            }, 
            "pt:[20.00,35.00]": {
                "error": 0.019049384903499462, 
                "value": 0.9554656147956848
            }, 
            "pt:[200.00,500.00]": {
                "error": 0.029288607394064255, 
                "value": 1.0097297430038452
            }, 
            "pt:[35.00,50.00]": {
                "error": 0.0023242300987798446, 
                "value": 0.9651162624359131
            }, 
            "pt:[50.00,100.00]": {
                "error": 0.006860408694871208, 
                "value": 0.9678135514259338
            }
        }, 
        "SuperClustereta:[-1.44,-0.80]": {
            "pt:[10.00,20.00]": {
                "error": 0.02771234122569127, 
                "value": 1.0332680940628052
            }, 
            "pt:[100.00,200.00]": {
                "error": 0.02084412917260422, 
                "value": 0.9837837815284729
            }, 
            "pt:[20.00,35.00]": {
                "error": 0.0319859846106111, 
                "value": 0.9610570073127747
            }, 
            "pt:[200.00,500.00]": {
                "error": 0.03047625595906571, 
                "value": 0.9755579233169556
            }, 
            "pt:[35.00,50.00]": {
                "error": 0.003456403020062309, 
                "value": 0.9645808935165405
            }, 
            "pt:[50.00,100.00]": {
                "error": 0.0061819701750018795, 
                "value": 0.9662542343139648
            }
        }, 
        "SuperClustereta:[-1.57,-1.44]": {
            "pt:[10.00,20.00]": {
                "error": 1.0, 
                "value": 1.0
            }, 
            "pt:[100.00,200.00]": {
                "error": 1.0, 
                "value": 1.0
            }, 
            "pt:[20.00,35.00]": {
                "error": 1.0, 
                "value": 1.0
            }, 
            "pt:[200.00,500.00]": {
                "error": 1.0, 
                "value": 1.0
            }, 
            "pt:[35.00,50.00]": {
                "error": 1.0, 
                "value": 1.0
            }, 
            "pt:[50.00,100.00]": {
                "error": 1.0, 
                "value": 1.0
            }
        }, 
        "SuperClustereta:[-2.00,-1.57]": {
            "pt:[10.00,20.00]": {
                "error": 0.03835987315606818, 
                "value": 1.059800624847412
            }, 
            "pt:[100.00,200.00]": {
                "error": 0.016241108179600793, 
                "value": 1.0065934658050537
            }, 
            "pt:[20.00,35.00]": {
                "error": 0.028299720184779928, 
                "value": 1.0131926536560059
            }, 
            "pt:[200.00,500.00]": {
                "error": 0.04018951171996632, 
                "value": 0.9843423962593079
            }, 
            "pt:[35.00,50.00]": {
                "error": 0.002755825945842316, 
                "value": 1.0035210847854614
            }, 
            "pt:[50.00,100.00]": {
                "error": 0.004043843957272187, 
                "value": 1.0
            }
        }, 
        "SuperClustereta:[-2.50,-2.00]": {
            "pt:[10.00,20.00]": {
                "error": 0.02306196480852253, 
                "value": 1.2184873819351196
            }, 
            "pt:[100.00,200.00]": {
                "error": 0.023375104537501103, 
                "value": 1.0123318433761597
            }, 
            "pt:[20.00,35.00]": {
                "error": 0.02738785599699518, 
                "value": 1.1084694862365723
            }, 
            "pt:[200.00,500.00]": {
                "error": 0.08269707200492743, 
                "value": 1.005549430847168
            }, 
            "pt:[35.00,50.00]": {
                "error": 0.012378975326762826, 
                "value": 1.053030252456665
            }, 
            "pt:[50.00,100.00]": {
                "error": 0.01777052537116104, 
                "value": 1.034482717514038
            }
        }, 
        "SuperClustereta:[0.00,0.80]": {
            "pt:[10.00,20.00]": {
                "error": 0.016047480270003103, 
                "value": 1.0
            }, 
            "pt:[100.00,200.00]": {
                "error": 0.01640427726953779, 
                "value": 0.9870828986167908
            }, 
            "pt:[20.00,35.00]": {
                "error": 0.019049384903499462, 
                "value": 0.9595141410827637
            }, 
            "pt:[200.00,500.00]": {
                "error": 0.026015851475292985, 
                "value": 0.9852786660194397
            }, 
            "pt:[35.00,50.00]": {
                "error": 0.0023242300987798446, 
                "value": 0.9686411023139954
            }, 
            "pt:[50.00,100.00]": {
                "error": 0.006860408694871208, 
                "value": 0.9667405486106873
            }
        }, 
        "SuperClustereta:[0.80,1.44]": {
            "pt:[10.00,20.00]": {
                "error": 0.02771234122569127, 
                "value": 1.019646406173706
            }, 
            "pt:[100.00,200.00]": {
                "error": 0.02084412917260422, 
                "value": 0.9870270490646362
            }, 
            "pt:[20.00,35.00]": {
                "error": 0.0319859846106111, 
                "value": 0.95652174949646
            }, 
            "pt:[200.00,500.00]": {
                "error": 0.030038861093308663, 
                "value": 0.9788583517074585
            }, 
            "pt:[35.00,50.00]": {
                "error": 0.003456403020062309, 
                "value": 0.9690476059913635
            }, 
            "pt:[50.00,100.00]": {
                "error": 0.0061819701750018795, 
                "value": 0.9705549478530884
            }
        }, 
        "SuperClustereta:[1.44,1.57]": {
            "pt:[10.00,20.00]": {
                "error": 1.0, 
                "value": 1.0
            }, 
            "pt:[100.00,200.00]": {
                "error": 1.0, 
                "value": 1.0
            }, 
            "pt:[20.00,35.00]": {
                "error": 1.0, 
                "value": 1.0
            }, 
            "pt:[200.00,500.00]": {
                "error": 1.0, 
                "value": 1.0
            }, 
            "pt:[35.00,50.00]": {
                "error": 1.0, 
                "value": 1.0
            }, 
            "pt:[50.00,100.00]": {
                "error": 1.0, 
                "value": 1.0
            }
        }, 
        "SuperClustereta:[1.57,2.00]": {
            "pt:[10.00,20.00]": {
                "error": 0.03835987315606818, 
                "value": 1.0166666507720947
            }, 
            "pt:[100.00,200.00]": {
                "error": 0.01602665665201125, 
                "value": 0.9880823493003845
            }, 
            "pt:[20.00,35.00]": {
                "error": 0.028299720184779928, 
                "value": 1.0160642862319946
            }, 
            "pt:[200.00,500.00]": {
                "error": 0.04002046628429283, 
                "value": 0.998939573764801
            }, 
            "pt:[35.00,50.00]": {
                "error": 0.002755825945842316, 
                "value": 1.0
            }, 
            "pt:[50.00,100.00]": {
                "error": 0.004043843957272187, 
                "value": 0.9966063499450684
            }
        }, 
        "SuperClustereta:[2.00,2.50]": {
            "pt:[10.00,20.00]": {
                "error": 0.023218910047302282, 
                "value": 1.1967213153839111
            },