{
    "EGamma_SF2D": {
        "SuperClustereta:[-0.50,0.00]": {
            "pt:[10.00,20.00]": {
                "error": 0.021015460191325313, 
                "value": 0.9749727845191956
            }, 
            "pt:[100.00,500.00]": {
                "error": 0.0045356348427987615, 
                "value": 1.0030425786972046
            }, 
            "pt:[20.00,45.00]": {
                "error": 0.0014617194443132765, 
                "value": 0.9896801114082336
            }, 
            "pt:[45.00,75.00]": {
                "error": 0.0014519646430935268, 
                "value": 0.9897540807723999
            }, 
            "pt:[75.00,100.00]": {
                "error": 0.004572736150306318, 
                "value": 1.0030549764633179
            }
        }, 
        "SuperClustereta:[-1.00,-0.50]": {
            "pt:[10.00,20.00]": {
                "error": 0.007151603339551567, 
                "value": 0.9712153673171997
            }, 
            "pt:[100.00,500.00]": {
                "error": 0.004549477065106388, 
                "value": 1.006103754043579
            }, 
            "pt:[20.00,45.00]": {
                "error": 0.001457200991626064, 
                "value": 0.991769552230835
            }, 
            "pt:[45.00,75.00]": {
                "error": 0.0014489893057101383, 
                "value": 0.9897750616073608
            }, 
            "pt:[75.00,100.00]": {
                "error": 0.005267125224345505, 
                "value": 1.0081549882888794
            }
        }, 
        "SuperClustereta:[-1.44,-1.00]": {
            "pt:[10.00,20.00]": {
                "error": 0.02117676306560084, 
                "value": 1.030701756477356
            }, 
            "pt:[100.00,500.00]": {
                "error": 0.006880209161537815, 
                "value": 1.0071794986724854
            }, 
            "pt:[20.00,45.00]": {
                "error": 0.0014716062043424506, 
                "value": 0.987525999546051
            }, 
            "pt:[45.00,75.00]": {
                "error": 0.0014594567207152683, 
                "value": 0.9896907210350037
            }, 
            "pt:[75.00,100.00]": {
                "error": 0.006876682657610835, 
                "value": 1.0081799030303955
            }
        }, 
        "SuperClustereta:[-1.57,-1.44]": {
            "pt:[10.00,20.00]": {
                "error": 0.06373601659549628, 
                "value": 1.256778359413147
            }, 
            "pt:[100.00,500.00]": {
                "error": 0.028479781623396084, 
                "value": 1.0366774797439575
            }, 
            "pt:[20.00,45.00]": {
                "error": 0.0025985682481113183, 
                "value": 0.9860950112342834
            }, 
            "pt:[45.00,75.00]": {
                "error": 0.0032615369931723445, 
                "value": 0.9676724076271057
            }, 
            "pt:[75.00,100.00]": {
                "error": 0.029542058684902787, 
                "value": 1.043811559677124
            }
        }, 
        "SuperClustereta:[-2.00,-1.57]": {
            "pt:[10.00,20.00]": {
                "error": 0.01778148542209684, 
                "value": 0.9833506941795349
            }, 
            "pt:[100.00,500.00]": {
                "error": 0.008682930635485296, 
                "value": 0.9979674816131592
            }, 
            "pt:[20.00,45.00]": {
                "error": 0.0014527103876457062, 
                "value": 0.9866392612457275
            }, 
            "pt:[45.00,75.00]": {
                "error": 0.0014438117022696222, 
                "value": 0.9887640476226807
            }, 
            "pt:[75.00,100.00]": {
                "error": 0.010642514280235015, 
                "value": 1.0183672904968262
            }
        }, 
        "SuperClustereta:[-2.50,-2.00]": {
            "pt:[10.00,20.00]": {
                "error": 0.015055542653287438, 
                "value": 1.0199790000915527
            }, 
            "pt:[100.00,500.00]": {
                "error": 0.011943571337469006, 
                "value": 0.9836734533309937
            }, 
            "pt:[20.00,45.00]": {
                "error": 0.00145795212615783, 
                "value": 0.986556351184845
            }, 
            "pt:[45.00,75.00]": {
                "error": 0.0014489893057101383, 
                "value": 0.987679660320282
            }, 
            "pt:[75.00,100.00]": {
                "error": 0.011354661448966425, 
                "value": 1.0020555257797241
            }
        }, 
        "SuperClustereta:[0.00,0.50]": {
            "pt:[10.00,20.00]": {
                "error": 0.021015460191325313, 
                "value": 0.9749727845191956
            }, 
            "pt:[100.00,500.00]": {
                "error": 0.0045356348427987615, 
                "value": 1.0030425786972046
            }, 
            "pt:[20.00,45.00]": {
                "error": 0.0014617194443132765, 
                "value": 0.9968944191932678
            }, 
            "pt:[45.00,75.00]": {
                "error": 0.0014519646430935268, 
                "value": 0.9969135522842407
            }, 
            "pt:[75.00,100.00]": {
                "error": 0.004572736150306318, 
                "value": 1.021560549736023
            }
        }, 
        "SuperClustereta:[0.50,1.00]": {
            "pt:[10.00,20.00]": {
                "error": 0.007151603339551567, 
                "value": 0.9712153673171997
            }, 
            "pt:[100.00,500.00]": {
                "error": 0.004549477065106388, 
                "value": 1.006103754043579
            }, 
            "pt:[20.00,45.00]": {
                "error": 0.001457200991626064, 
                "value": 0.9989680051803589
            }, 
            "pt:[45.00,75.00]": {
                "error": 0.0014489893057101383, 
                "value": 0.9979466199874878
            }, 
            "pt:[75.00,100.00]": {
                "error": 0.005032630455695507, 
                "value": 1.0194672346115112
            }
        }, 
        "SuperClustereta:[1.00,1.44]": {
            "pt:[10.00,20.00]": {
                "error": 0.02117676306560084, 
                "value": 1.030701756477356
            }, 
            "pt:[100.00,500.00]": {
                "error": 0.006880209161537815, 
                "value": 1.0071794986724854
            }, 
            "pt:[20.00,45.00]": {
                "error": 0.0014716062043424506, 
                "value": 0.987500011920929
            }, 
            "pt:[45.00,75.00]": {
                "error": 0.0014594567207152683, 
                "value": 0.9896694421768188
            }, 
            "pt:[75.00,100.00]": {
                "error": 0.006876682657610835, 
                "value": 1.010277509689331
            }
        }, 
        "SuperClustereta:[1.44,1.57]": {
            "pt:[10.00,20.00]": {
                "error": 0.06373601659549628, 
                "value": 1.256778359413147
            }, 
            "pt:[100.00,500.00]": {
                "error": 0.028479781623396084, 
                "value": 1.0366774797439575
            }, 
            "pt:[20.00,45.00]": {
                "error": 0.0025985682481113183, 
                "value": 0.9731934666633606
            }, 
            "pt:[45.00,75.00]": {
                "error": 0.003468648015944122, 
                "value": 0.9803921580314636
            }, 
            "pt:[75.00,100.00]": {
                "error": 0.028572333084913398, 
                "value": 1.0353319644927979
            }
        }, 
        "SuperClustereta:[1.57,2.00]": {
            "pt:[10.00,20.00]": {
                "error": 0.01778148542209684, 
                "value": 0.9833506941795349
            }, 
            "pt:[100.00,500.00]": {
                "error": 0.008682930635485296, 
                "value": 0.9979674816131592
            },