{
    "EGamma_SF2D": {
        "SuperClustereta:[-0.80,0.00]": {
            "pt:[10.00,20.00]": {
                "error": 0.04826859039552654, 
                "value": 1.0053476095199585
            }, 
            "pt:[100.00,200.00]": {
                "error": 0.03696034480348126, 
                "value": 0.9764453768730164
            }, 
            "pt:[20.00,35.00]": {
                "error": 0.022826496526077503, 
                "value": 0.9932885766029358
            }, 
            "pt:[200.00,500.00]": {
                "error": 0.019583136850565102, 
                "value": 0.9789473414421082
            }, 
            "pt:[35.00,50.00]": {
                "error": 0.013388007854989491, 
                "value": 0.9728773832321167
            }, 
            "pt:[50.00,100.00]": {
                "error": 0.006908934294111473, 
                "value": 0.9655555486679077
            }
        }, 
        "SuperClustereta:[-1.44,-0.80]": {
            "pt:[10.00,20.00]": {
                "error": 0.0649447372271329, 
                "value": 1.053210973739624
            }, 
            "pt:[100.00,200.00]": {
                "error": 0.05374909088227933, 
                "value": 0.9806034564971924
            }, 
            "pt:[20.00,35.00]": {
                "error": 0.03580519722877275, 
                "value": 0.9917355179786682
            }, 
            "pt:[200.00,500.00]": {
                "error": 0.030879687767504493, 
                "value": 0.9665970802307129
            }, 
            "pt:[35.00,50.00]": {
                "error": 0.01401619112200209, 
                "value": 0.971188485622406
            }, 
            "pt:[50.00,100.00]": {
                "error": 0.008441193021947221, 
                "value": 0.9651685357093811
            }
        }, 
        "SuperClustereta:[-1.57,-1.44]": {
            "pt:[10.00,20.00]": {
                "error": 1.0, 
                "value": 1.0
            }, 
            "pt:[100.00,200.00]": {
                "error": 1.0, 
                "value": 1.0
            }, 
            "pt:[20.00,35.00]": {
                "error": 1.0, 
                "value": 1.0
            }, 
            "pt:[200.00,500.00]": {
                "error": 1.0, 
                "value": 1.0
            }, 
            "pt:[35.00,50.00]": {
                "error": 1.0, 
                "value": 1.0
            }, 
            "pt:[50.00,100.00]": {
                "error": 1.0, 
                "value": 1.0
            }
        }, 
        "SuperClustereta:[-2.00,-1.57]": {
            "pt:[10.00,20.00]": {
                "error": 0.025990998828327904, 
                "value": 1.0
            }, 
            "pt:[100.00,200.00]": {
                "error": 0.06985565028982607, 
                "value": 0.9869706630706787
            }, 
            "pt:[20.00,35.00]": {
                "error": 0.028569793323205823, 
                "value": 0.9742268323898315
            }, 
            "pt:[200.00,500.00]": {
                "error": 0.10864773714078124, 
                "value": 0.985991358757019
            }, 
            "pt:[35.00,50.00]": {
                "error": 0.011657732127787123, 
                "value": 0.9694835543632507
            }, 
            "pt:[50.00,100.00]": {
                "error": 0.007664230967469069, 
                "value": 0.9697648286819458
            }
        }, 
        "SuperClustereta:[-2.50,-2.00]": {
            "pt:[10.00,20.00]": {
                "error": 0.04669990192348077, 
                "value": 0.9710668921470642
            }, 
            "pt:[100.00,200.00]": {
                "error": 0.019537480031800725, 
                "value": 1.012542724609375
            }, 
            "pt:[20.00,35.00]": {
                "error": 0.024005829242394236, 
                "value": 0.9469273686408997
            }, 
            "pt:[200.00,500.00]": {
                "error": 0.05731951015554257, 
                "value": 0.8500000238418579
            }, 
            "pt:[35.00,50.00]": {
                "error": 0.011236630289959732, 
                "value": 0.94437575340271
            }, 
            "pt:[50.00,100.00]": {
                "error": 0.013515053282525202, 
                "value": 0.9430232644081116
            }
        }, 
        "SuperClustereta:[0.00,0.80]": {
            "pt:[10.00,20.00]": {
                "error": 0.04820900332551795, 
                "value": 0.9928825497627258
            }, 
            "pt:[100.00,200.00]": {
                "error": 0.03696034480348126, 
                "value": 0.9797008633613586
            }, 
            "pt:[20.00,35.00]": {
                "error": 0.022826496526077503, 
                "value": 0.9946595430374146
            }, 
            "pt:[200.00,500.00]": {
                "error": 0.01975869435738503, 
                "value": 0.9766702055931091
            }, 
            "pt:[35.00,50.00]": {
                "error": 0.013388007854989491, 
                "value": 0.9753521084785461
            }, 
            "pt:[50.00,100.00]": {
                "error": 0.006908934294111473, 
                "value": 0.9700665473937988
            }
        }, 
        "SuperClustereta:[0.80,1.44]": {
            "pt:[10.00,20.00]": {
                "error": 0.0649447372271329, 
                "value": 1.027573585510254
            }, 
            "pt:[100.00,200.00]": {
                "error": 0.05374909088227933, 
                "value": 0.9816612601280212
            }, 
            "pt:[20.00,35.00]": {
                "error": 0.03580519722877275, 
                "value": 0.9986149668693542
            }, 
            "pt:[200.00,500.00]": {
                "error": 0.03099769482589615, 
                "value": 0.98221755027771
            }, 
            "pt:[35.00,50.00]": {
                "error": 0.01401619112200209, 
                "value": 0.9758453965187073
            }, 
            "pt:[50.00,100.00]": {
                "error": 0.008441193021947221, 
                "value": 0.9706876873970032
            }
        }, 
        "SuperClustereta:[1.44,1.57]": {
            "pt:[10.00,20.00]": {
                "error": 1.0, 
                "value": 1.0
            }, 
            "pt:[100.00,200.00]": {
                "error": 1.0, 
                "value": 1.0
            }, 
            "pt:[20.00,35.00]": {
                "error": 1.0, 
                "value": 1.0
            }, 
            "pt:[200.00,500.00]": {
                "error": 1.0, 
                "value": 1.0
            }, 
            "pt:[35.00,50.00]": {
                "error": 1.0, 
                "value": 1.0
            }, 
            "pt:[50.00,100.00]": {
                "error": 1.0, 
                "value": 1.0
            }
        }, 
        "SuperClustereta:[1.57,2.00]": {
            "pt:[10.00,20.00]": {
                "error": 0.025990998828327904, 
                "value": 0.9936908483505249
            }, 
            "pt:[100.00,200.00]": {
                "error": 0.06985565028982607, 
                "value": 0.9924160242080688
            }, 
            "pt:[20.00,35.00]": {
                "error": 0.028569793323205823, 
                "value": 0.9728682041168213
            }, 
            "pt:[200.00,500.00]": {
                "error": 0.10831839280402353, 
                "value": 0.9615384340286255
            }, 
            "pt:[35.00,50.00]": {
                "error": 0.011657732127787123, 
                "value": 0.9649122953414917
            }, 
            "pt:[50.00,100.00]": {
                "error": 0.007664230967469069, 
                "value": 0.9676339030265808
            }
        }, 
        "SuperClustereta:[2.00,2.50]": {
            "pt:[10.00,20.00]": {
                "error": 0.04669990192348077, 
                "value": 0.9790940880775452
            },