{
    "EGamma_SF2D": {
        "SuperClustereta:[-0.50,0.00]": {
            "pt:[100.00,500.00]": {
                "error": 0.0017513152756004832, 
                "value": 0.9939332604408264
            }, 
            "pt:[20.00,45.00]": {
                "error": 0.006817406266799283, 
                "value": 0.9703779220581055
            }, 
            "pt:[45.00,75.00]": {
                "error": 0.0026430073360665237, 
                "value": 0.9796541333198547
            }, 
            "pt:[75.00,100.00]": {
                "error": 0.003920023629764595, 
                "value": 0.9919028282165527
            }
        }, 
        "SuperClustereta:[-1.00,-0.50]": {
            "pt:[100.00,500.00]": {
                "error": 0.004943470722064944, 
                "value": 0.9878910183906555
            }, 
            "pt:[20.00,45.00]": {
                "error": 0.004786138530432075, 
                "value": 0.9765545129776001
            }, 
            "pt:[45.00,75.00]": {
                "error": 0.0026376408237088977, 
                "value": 0.9796954393386841
            }, 
            "pt:[75.00,100.00]": {
                "error": 0.00248175252561619, 
                "value": 0.9918946027755737
            }
        }, 
        "SuperClustereta:[-1.44,-1.00]": {
            "pt:[100.00,500.00]": {
                "error": 0.006277407334998962, 
                "value": 0.9847250580787659
            }, 
            "pt:[20.00,45.00]": {
                "error": 0.005024120796293232, 
                "value": 0.9692623019218445
            }, 
            "pt:[45.00,75.00]": {
                "error": 0.004374809905436574, 
                "value": 0.9755351543426514
            }, 
            "pt:[75.00,100.00]": {
                "error": 0.007870026381012925, 
                "value": 0.9959016442298889
            }
        }, 
        "SuperClustereta:[-1.57,-1.44]": {
            "pt:[100.00,500.00]": {
                "error": 0.0491215609104829, 
                "value": 1.0095949172973633
            }, 
            "pt:[20.00,45.00]": {
                "error": 0.013935198081327984, 
                "value": 0.9483516216278076
            }, 
            "pt:[45.00,75.00]": {
                "error": 0.013926947179863827, 
                "value": 0.9706190824508667
            }, 
            "pt:[75.00,100.00]": {
                "error": 0.040819128580965675, 
                "value": 1.0032292604446411
            }
        }, 
        "SuperClustereta:[-2.00,-1.57]": {
            "pt:[100.00,500.00]": {
                "error": 0.004849172419931973, 
                "value": 0.9898887872695923
            }, 
            "pt:[20.00,45.00]": {
                "error": 0.0026028685623240367, 
                "value": 0.9816138744354248
            }, 
            "pt:[45.00,75.00]": {
                "error": 0.0038678380425920763, 
                "value": 0.9817073345184326
            }, 
            "pt:[75.00,100.00]": {
                "error": 0.007798117510526513, 
                "value": 0.9969543218612671
            }
        }, 
        "SuperClustereta:[-2.50,-2.00]": {
            "pt:[100.00,500.00]": {
                "error": 0.009626026250423273, 
                "value": 0.9899091720581055
            }, 
            "pt:[20.00,45.00]": {
                "error": 0.007579150216755907, 
                "value": 0.9774820804595947
            }, 
            "pt:[45.00,75.00]": {
                "error": 0.0037067769293688633, 
                "value": 0.9836734533309937
            }, 
            "pt:[75.00,100.00]": {
                "error": 0.015039277019256865, 
                "value": 0.9969512224197388
            }
        }, 
        "SuperClustereta:[0.00,0.50]": {
            "pt:[100.00,500.00]": {
                "error": 0.0017513152756004832, 
                "value": 0.9939332604408264
            }, 
            "pt:[20.00,45.00]": {
                "error": 0.006817406266799283, 
                "value": 0.9703476428985596
            }, 
            "pt:[45.00,75.00]": {
                "error": 0.0026430073360665237, 
                "value": 0.9776195287704468
            }, 
            "pt:[75.00,100.00]": {
                "error": 0.003920023629764595, 
                "value": 0.9919028282165527
            }
        }, 
        "SuperClustereta:[0.50,1.00]": {
            "pt:[100.00,500.00]": {
                "error": 0.004943470722064944, 
                "value": 0.9878910183906555
            }, 
            "pt:[20.00,45.00]": {
                "error": 0.004786138530432075, 
                "value": 0.9724208116531372
            }, 
            "pt:[45.00,75.00]": {
                "error": 0.0026376408237088977, 
                "value": 0.9786801934242249
            }, 
            "pt:[75.00,100.00]": {
                "error": 0.00248175252561619, 
                "value": 0.9918946027755737
            }
        }, 
        "SuperClustereta:[1.00,1.44]": {
            "pt:[100.00,500.00]": {
                "error": 0.006277407334998962, 
                "value": 0.9847250580787659
            }, 
            "pt:[20.00,45.00]": {
                "error": 0.005024120796293232, 
                "value": 0.9699169993400574
            }, 
            "pt:[45.00,75.00]": {
                "error": 0.004374809905436574, 
                "value": 0.9773662686347961
            }, 
            "pt:[75.00,100.00]": {
                "error": 0.007870026381012925, 
                "value": 0.9959016442298889
            }
        }, 
        "SuperClustereta:[1.44,1.57]": {
            "pt:[100.00,500.00]": {
                "error": 0.0491215609104829, 
                "value": 1.0095949172973633
            }, 
            "pt:[20.00,45.00]": {
                "error": 0.013935198081327984, 
                "value": 0.9579645991325378
            }, 
            "pt:[45.00,75.00]": {
                "error": 0.013954384552028447, 
                "value": 0.9639448523521423
            }, 
            "pt:[75.00,100.00]": {
                "error": 0.040819128580965675, 
                "value": 1.0032292604446411
            }
        }, 
        "SuperClustereta:[1.57,2.00]": {
            "pt:[100.00,500.00]": {
                "error": 0.004849172419931973, 
                "value": 0.9898887872695923
            }, 
            "pt:[20.00,45.00]": {
                "error": 0.0026028685623240367, 
                "value": 0.9795918464660645
            }, 
            "pt:[45.00,75.00]": {
                "error": 0.0038678380425920763, 
                "value": 0.982741117477417
            }, 
            "pt:[75.00,100.00]": {
                "error": 0.007798117510526513, 
                "value": 0.9969543218612671
            }
        }, 
        "SuperClustereta:[2.00,2.50]": {
            "pt:[100.00,500.00]": {
                "error": 0.009626026250423273, 
                "value": 0.9899091720581055
            }, 
            "pt:[20.00,45.00]": {
                "error": 0.007579150216755907, 
                "value": 0.9795918464660645
            }, 
            "pt:[45.00,75.00]": {
                "error": 0.0037067769293688633, 
                "value": 0.9837398529052734
            }, 
            "pt:[75.00,100.00]": {
                "error": 0.015039277019256865, 
                "value": 0.9969512224197388
            }
        }
    }
}